{
  "exactitud_global": 0.7969924812030075,
  "total_muestras": 133,
  "palabras": [
    "agua",
    "ayuda",
    "bano",
    "cansada",
    "comer",
    "dolor",
    "frio",
    "mama",
    "no",
    "salir",
    "si"
  ],
  "matriz_confusion": [
    [
      10,
      0,
      0,
      0,
      0,
      2,
      0,
      1,
      0,
      0,
      0
    ],
    [
      0,
      11,
      0,
      0,
      0,
      0,
      0,
      1,
      0,
      0,
      0
    ],
    [
      1,
      0,
      8,
      0,
      0,
      0,
      0,
      1,
      1,
      0,
      0
    ],
    [
      0,
      0,
      0,
      7,
      0,
      0,
      2,
      0,
      0,
      0,
      1
    ],
    [
      0,
      1,
      0,
      0,
      12,
      0,
      0,
      1,
      1,
      0,
      0
    ],
    [
      0,
      0,
      0,
      0,
      0,
      10,
      0,
      0,
      2,
      0,
      0
    ],
    [
      0,
      0,
      0,
      2,
      0,
      0,
      7,
      0,
      0,
      1,
      0
    ],
    [
      0,
      0,
      0,
      0,
      2,
      0,
      1,
      14,
      0,
      0,
      0
    ],
    [
      0,
      0,
      1,
      0,
      1,
      0,
      0,
      0,
      9,
      1,
      0
    ],
    [
      0,
      0,
      0,
      0,
      0,
      0,
      0,
      0,
      0,
      10,
      0
    ],
    [
      0,
      0,
      0,
      1,
      1,
      0,
      0,
      0,
      0,
      1,
      8
    ]
  ],
  "por_palabra": {
    "agua": {
      "muestras": 13,
      "aciertos": 10,
      "exactitud": 0.7692307692307693
    },
    "ayuda": {
      "muestras": 12,
      "aciertos": 11,
      "exactitud": 0.9166666666666666
    },
    "bano": {
      "muestras": 11,
      "aciertos": 8,
      "exactitud": 0.7272727272727273
    },
    "cansada": {
      "muestras": 10,
      "aciertos": 7,
      "exactitud": 0.7
    },
    "comer": {
      "muestras": 15,
      "aciertos": 12,
      "exactitud": 0.8
    },
    "dolor": {
      "muestras": 12,
      "aciertos": 10,
      "exactitud": 0.8333333333333334
    },
    "frio": {
      "muestras": 10,
      "aciertos": 7,
      "exactitud": 0.7
    },
    "mama": {
      "muestras": 17,
      "aciertos": 14,
      "exactitud": 0.8235294117647058
    },
    "no": {
      "muestras": 12,
      "aciertos": 9,
      "exactitud": 0.75
    },
    "salir": {
      "muestras": 10,
      "aciertos": 10,
      "exactitud": 1.0
    },
    "si": {
      "muestras": 11,
      "aciertos": 8,
      "exactitud": 0.7272727272727273
    }
  },
  "fecha": "2026-07-09T16:56:29",
  "config": {
    "tipo": "knn-dtw",
    "k_vecinos": 3,
    "umbral_confianza": 0.99,
    "frecuencia_muestreo": 16000,
    "duracion_grabacion_seg": 3.0,
    "rms_minimo_voz": 0.003,
    "n_mfcc": 13,
    "ventana_ms": 25,
    "salto_ms": 10
  }
}